FEATURENAME,Count,% Miss.,Card.,Mode,Mode Freq.,Mode %,2nd Mode,2nd Mode Freq.,2nd Mode %
Short_Breath,3329,45.62931811354761,2,1.0,1277,38.35986782817663,0.0,533,16.010814058275756
Chest_Pains,3329,45.509161910483634,2,1.0,1387,41.66416341243617,0.0,427,12.826674677080204
High_Chol_Hist,3329,10.693902072694502,2,1.0,2016,60.558726344247525,0.0,957,28.747371583057973
High_BP_Hist,3329,10.21327726043857,2,1.0,1949,58.5461099429258,0.0,1040,31.240612796635624
Pulse_Type,3329,3.184139381195554,2,1.0,3208,96.3652748573145,2.0,15,0.45058576148993695
Diabetes,3329,0.0,2,1.0,3013,90.50765995794534,0.0,316,9.492340042054671
