FEATURENAME,Count,% Miss.,Card.,Min.,1st Qrt.,Mean,Median,3rd Qrt.,Max,Std. Dev.
age,282,0.0,41,29.0,48.0,54.4113475177305,55.0,61.0,77.0,9.053082620814848
trestbps,282,0.0,48,94.0,120.0,131.56382978723406,130.0,140.0,200.0,17.757495641917075
trestbpd,282,0.0,29,50.0,80.0,84.94680851063829,85.0,90.0,110.0,9.477863726081763
chol,282,0.0,145,126.0,213.0,249.0921985815603,244.0,277.0,564.0,51.21754602450036
cigs,282,1.773049645390071,22,0.0,0.0,16.92057761732852,10.0,30.0,99.0,19.451933765088306
years,282,1.773049645390071,37,0.0,0.0,15.259927797833935,15.0,30.0,54.0,15.367866578779708
thalrest,282,0.0,60,40.0,65.0,75.11702127659575,74.0,84.0,119.0,13.795808623622497
