FEATURENAME,Count,% Miss.,Card.,Mode,Mode Freq.,Mode %,2nd Mode,2nd Mode Freq.,2nd Mode %
sex,282,0.0,2,1.0,191,67.73049645390071,0.0,91,32.269503546099294
cp,282,0.0,4,4.0,133,47.16312056737589,3.0,84,29.78723404255319
fbs,282,0.0,2,0.0,240,85.1063829787234,1.0,42,14.893617021276595
dm,282,0.0,2,0.0,259,91.84397163120568,1.0,23,8.156028368794328
famhist,282,0.0,2,1.0,175,62.056737588652474,0.0,107,37.94326241134752
exang,282,0.0,2,0.0,190,67.37588652482269,1.0,92,32.62411347517731
target,282,0.0,2,0.0,157,55.673758865248224,1.0,125,44.32624113475177
